,FIPS,NAME
0,01000,Alabama
1,01001,Autauga County
2,01003,Baldwin County
3,01005,Barbour County
4,01007,Bibb County
5,01009,Blount County
6,01011,Bullock County
7,01013,Butler County
8,01015,Calhoun County
9,01017,Chambers County
10,01019,Cherokee County
11,01021,Chilton County
12,01023,Choctaw County
13,01025,Clarke County
14,01027,Clay County
15,01029,Cleburne County
16,01031,Coffee County
17,01033,Colbert County
18,01035,Conecuh County
19,01037,Coosa County
20,01039,Covington County
21,01041,Crenshaw County
22,01043,Cullman County
23,01045,Dale County
24,01047,Dallas County
25,01049,DeKalb County
26,01051,Elmore County
27,01053,Escambia County
28,01055,Etowah County
29,01057,Fayette County
30,01059,Franklin County
31,01061,Geneva County
32,01063,Greene County
33,01065,Hale County
34,01067,Henry County
35,01069,Houston County
36,01071,Jackson County
37,01073,Jefferson County
38,01075,Lamar County
39,01077,Lauderdale County
40,01079,Lawrence County
41,01081,Lee County
42,01083,Limestone County
43,01085,Lowndes County
44,01087,Macon County
45,01089,Madison County
46,01091,Marengo County
47,01093,Marion County
48,01095,Marshall County
49,01097,Mobile County
50,01099,Monroe County
51,01101,Montgomery County
52,01103,Morgan County
53,01105,Perry County
54,01107,Pickens County
55,01109,Pike County
56,01111,Randolph County
57,01113,Russell County
58,01115,St. Clair County
59,01117,Shelby County
60,01119,Sumter County
61,01121,Talladega County
62,01123,Tallapoosa County
63,01125,Tuscaloosa County
64,01127,Walker County
65,01129,Washington County
66,01131,Wilcox County
67,01133,Winston County
68,02000,Alaska
69,02013,Aleutians East Borough
70,02016,Aleutians West Census Area
71,02020,Anchorage Municipality
72,02050,Bethel Census Area
73,02060,Bristol Bay Borough
74,02063,Chugach Census Area
75,02066,Copper River Census Area
76,02068,Denali Borough
77,02070,Dillingham Census Area
78,02090,Fairbanks North Star Borough
79,02100,Haines Borough
80,02105,Hoonah-Angoon Census Area
81,02110,Juneau City and Borough
82,02122,Kenai Peninsula Borough
83,02130,Ketchikan Gateway Borough
84,02150,Kodiak Island Borough
85,02158,Kusilvak Census Area
86,02164,Lake and Peninsula Borough
87,02170,Matanuska-Susitna Borough
88,02180,Nome Census Area
89,02185,North Slope Borough
90,02188,Northwest Arctic Borough
91,02195,Petersburg Borough
92,02198,Prince of Wales-Hyder Census Area
93,02220,Sitka City and Borough
94,02230,Skagway Municipality
95,02240,Southeast Fairbanks Census Area
96,02275,Wrangell City and Borough
97,02282,Yakutat City and Borough
98,02290,Yukon-Koyukuk Census Area
99,04000,Arizona
100,04001,Apache County
101,04003,Cochise County
102,04005,Coconino County
103,04007,Gila County
104,04009,Graham County
105,04011,Greenlee County
106,04012,La Paz County
107,04013,Maricopa County
108,04015,Mohave County
109,04017,Navajo County
110,04019,Pima County
111,04021,Pinal County
112,04023,Santa Cruz County
113,04025,Yavapai County
114,04027,Yuma County
115,05000,Arkansas
116,05001,Arkansas County
117,05003,Ashley County
118,05005,Baxter County
119,05007,Benton County
120,05009,Boone County
121,05011,Bradley County
122,05013,Calhoun County
123,05015,Carroll County
124,05017,Chicot County
125,05019,Clark County
126,05021,Clay County
127,05023,Cleburne County
128,05025,Cleveland County
129,05027,Columbia County
130,05029,Conway County
131,05031,Craighead County
132,05033,Crawford County
133,05035,Crittenden County
134,05037,Cross County
135,05039,Dallas County
136,05041,Desha County
137,05043,Drew County
138,05045,Faulkner County
139,05047,Franklin County
140,05049,Fulton County
141,05051,Garland County
142,05053,Grant County
143,05055,Greene County
144,05057,Hempstead County
145,05059,Hot Spring County
146,05061,Howard County
147,05063,Independence County
148,05065,Izard County
149,05067,Jackson County
150,05069,Jefferson County
151,05071,Johnson County
152,05073,Lafayette County
153,05075,Lawrence County
154,05077,Lee County
155,05079,Lincoln County
156,05081,Little River County
157,05083,Logan County
158,05085,Lonoke County
159,05087,Madison County
160,05089,Marion County
161,05091,Miller County
162,05093,Mississippi County
163,05095,Monroe County
164,05097,Montgomery County
165,05099,Nevada County
166,05101,Newton County
167,05103,Ouachita County
168,05105,Perry County
169,05107,Phillips County
170,05109,Pike County
171,05111,Poinsett County
172,05113,Polk County
173,05115,Pope County
174,05117,Prairie County
175,05119,Pulaski County
176,05121,Randolph County
177,05123,St. Francis County
178,05125,Saline County
179,05127,Scott County
180,05129,Searcy County
181,05131,Sebastian County
182,05133,Sevier County
183,05135,Sharp County
184,05137,Stone County
185,05139,Union County
186,05141,Van Buren County
187,05143,Washington County
188,05145,White County
189,05147,Woodruff County
190,05149,Yell County
191,06000,California
192,06001,Alameda County
193,06003,Alpine County
194,06005,Amador County
195,06007,Butte County
196,06009,Calaveras County
197,06011,Colusa County
198,06013,Contra Costa County
199,06015,Del Norte County
200,06017,El Dorado County
201,06019,Fresno County
202,06021,Glenn County
203,06023,Humboldt County
204,06025,Imperial County
205,06027,Inyo County
206,06029,Kern County
207,06031,Kings County
208,06033,Lake County
209,06035,Lassen County
210,06037,Los Angeles County
211,06039,Madera County
212,06041,Marin County
213,06043,Mariposa County
214,06045,Mendocino County
215,06047,Merced County
216,06049,Modoc County
217,06051,Mono County
218,06053,Monterey County
219,06055,Napa County
220,06057,Nevada County
221,06059,Orange County
222,06061,Placer County
223,06063,Plumas County
224,06065,Riverside County
225,06067,Sacramento County
226,06069,San Benito County
227,06071,San Bernardino County
228,06073,San Diego County
229,06075,San Francisco County
230,06077,San Joaquin County
231,06079,San Luis Obispo County
232,06081,San Mateo County
233,06083,Santa Barbara County
234,06085,Santa Clara County
235,06087,Santa Cruz County
236,06089,Shasta County
237,06091,Sierra County
238,06093,Siskiyou County
239,06095,Solano County
240,06097,Sonoma County
241,06099,Stanislaus County
242,06101,Sutter County
243,06103,Tehama County
244,06105,Trinity County
245,06107,Tulare County
246,06109,Tuolumne County
247,06111,Ventura County
248,06113,Yolo County
249,06115,Yuba County
250,08000,Colorado
251,08001,Adams County
252,08003,Alamosa County
253,08005,Arapahoe County
254,08007,Archuleta County
255,08009,Baca County
256,08011,Bent County
257,08013,Boulder County
258,08014,Broomfield County
259,08015,Chaffee County
260,08017,Cheyenne County
261,08019,Clear Creek County
262,08021,Conejos County
263,08023,Costilla County
264,08025,Crowley County
265,08027,Custer County
266,08029,Delta County
267,08031,Denver County
268,08033,Dolores County
269,08035,Douglas County
270,08037,Eagle County
271,08039,Elbert County
272,08041,El Paso County
273,08043,Fremont County
274,08045,Garfield County
275,08047,Gilpin County
276,08049,Grand County
277,08051,Gunnison County
278,08053,Hinsdale County
279,08055,Huerfano County
280,08057,Jackson County
281,08059,Jefferson County
282,08061,Kiowa County
283,08063,Kit Carson County
284,08065,Lake County
285,08067,La Plata County
286,08069,Larimer County
287,08071,Las Animas County
288,08073,Lincoln County
289,08075,Logan County
290,08077,Mesa County
291,08079,Mineral County
292,08081,Moffat County
293,08083,Montezuma County
294,08085,Montrose County
295,08087,Morgan County
296,08089,Otero County
297,08091,Ouray County
298,08093,Park County
299,08095,Phillips County
300,08097,Pitkin County
301,08099,Prowers County
302,08101,Pueblo County
303,08103,Rio Blanco County
304,08105,Rio Grande County
305,08107,Routt County
306,08109,Saguache County
307,08111,San Juan County
308,08113,San Miguel County
309,08115,Sedgwick County
310,08117,Summit County
311,08119,Teller County
312,08121,Washington County
313,08123,Weld County
314,08125,Yuma County
315,09000,Connecticut
316,09110,Capitol Planning Region
317,09120,Greater Bridgeport Planning Region
318,09130,Lower Connecticut River Valley Planning Region
319,09140,Naugatuck Valley Planning Region
320,09150,Northeastern Connecticut Planning Region
321,09160,Northwest Hills Planning Region
322,09170,South Central Connecticut Planning Region
323,09180,Southeastern Connecticut Planning Region
324,09190,Western Connecticut Planning Region
325,10000,Delaware
326,10001,Kent County
327,10003,New Castle County
328,10005,Sussex County
329,11000,District of Columbia
330,11001,District of Columbia
331,12000,Florida
332,12001,Alachua County
333,12003,Baker County
334,12005,Bay County
335,12007,Bradford County
336,12009,Brevard County
337,12011,Broward County
338,12013,Calhoun County
339,12015,Charlotte County
340,12017,Citrus County
341,12019,Clay County
342,12021,Collier County
343,12023,Columbia County
344,12027,DeSoto County
345,12029,Dixie County
346,12031,Duval County
347,12033,Escambia County
348,12035,Flagler County
349,12037,Franklin County
350,12039,Gadsden County
351,12041,Gilchrist County
352,12043,Glades County
353,12045,Gulf County
354,12047,Hamilton County
355,12049,Hardee County
356,12051,Hendry County
357,12053,Hernando County
358,12055,Highlands County
359,12057,Hillsborough County
360,12059,Holmes County
361,12061,Indian River County
362,12063,Jackson County
363,12065,Jefferson County
364,12067,Lafayette County
365,12069,Lake County
366,12071,Lee County
367,12073,Leon County
368,12075,Levy County
369,12077,Liberty County
370,12079,Madison County
371,12081,Manatee County
372,12083,Marion County
373,12085,Martin County
374,12086,Miami-Dade County
375,12087,Monroe County
376,12089,Nassau County
377,12091,Okaloosa County
378,12093,Okeechobee County
379,12095,Orange County
380,12097,Osceola County
381,12099,Palm Beach County
382,12101,Pasco County
383,12103,Pinellas County
384,12105,Polk County
385,12107,Putnam County
386,12109,St. Johns County
387,12111,St. Lucie County
388,12113,Santa Rosa County
389,12115,Sarasota County
390,12117,Seminole County
391,12119,Sumter County
392,12121,Suwannee County
393,12123,Taylor County
394,12125,Union County
395,12127,Volusia County
396,12129,Wakulla County
397,12131,Walton County
398,12133,Washington County
399,13000,Georgia
400,13001,Appling County
401,13003,Atkinson County
402,13005,Bacon County
403,13007,Baker County
404,13009,Baldwin County
405,13011,Banks County
406,13013,Barrow County
407,13015,Bartow County
408,13017,Ben Hill County
409,13019,Berrien County
410,13021,Bibb County
411,13023,Bleckley County
412,13025,Brantley County
413,13027,Brooks County
414,13029,Bryan County
415,13031,Bulloch County
416,13033,Burke County
417,13035,Butts County
418,13037,Calhoun County
419,13039,Camden County
420,13043,Candler County
421,13045,Carroll County
422,13047,Catoosa County
423,13049,Charlton County
424,13051,Chatham County
425,13053,Chattahoochee County
426,13055,Chattooga County
427,13057,Cherokee County
428,13059,Clarke County
429,13061,Clay County
430,13063,Clayton County
431,13065,Clinch County
432,13067,Cobb County
433,13069,Coffee County
434,13071,Colquitt County
435,13073,Columbia County
436,13075,Cook County
437,13077,Coweta County
438,13079,Crawford County
439,13081,Crisp County
440,13083,Dade County
441,13085,Dawson County
442,13087,Decatur County
443,13089,DeKalb County
444,13091,Dodge County
445,13093,Dooly County
446,13095,Dougherty County
447,13097,Douglas County
448,13099,Early County
449,13101,Echols County
450,13103,Effingham County
451,13105,Elbert County
452,13107,Emanuel County
453,13109,Evans County
454,13111,Fannin County
455,13113,Fayette County
456,13115,Floyd County
457,13117,Forsyth County
458,13119,Franklin County
459,13121,Fulton County
460,13123,Gilmer County
461,13125,Glascock County
462,13127,Glynn County
463,13129,Gordon County
464,13131,Grady County
465,13133,Greene County
466,13135,Gwinnett County
467,13137,Habersham County
468,13139,Hall County
469,13141,Hancock County
470,13143,Haralson County
471,13145,Harris County
472,13147,Hart County
473,13149,Heard County
474,13151,Henry County
475,13153,Houston County
476,13155,Irwin County
477,13157,Jackson County
478,13159,Jasper County
479,13161,Jeff Davis County
480,13163,Jefferson County
481,13165,Jenkins County
482,13167,Johnson County
483,13169,Jones County
484,13171,Lamar County
485,13173,Lanier County
486,13175,Laurens County
487,13177,Lee County
488,13179,Liberty County
489,13181,Lincoln County
490,13183,Long County
491,13185,Lowndes County
492,13187,Lumpkin County
493,13189,McDuffie County
494,13191,McIntosh County
495,13193,Macon County
496,13195,Madison County
497,13197,Marion County
498,13199,Meriwether County
499,13201,Miller County
500,13205,Mitchell County
501,13207,Monroe County
502,13209,Montgomery County
503,13211,Morgan County
504,13213,Murray County
505,13215,Muscogee County
506,13217,Newton County
507,13219,Oconee County
508,13221,Oglethorpe County
509,13223,Paulding County
510,13225,Peach County
511,13227,Pickens County
512,13229,Pierce County
513,13231,Pike County
514,13233,Polk County
515,13235,Pulaski County
516,13237,Putnam County
517,13239,Quitman County
518,13241,Rabun County
519,13243,Randolph County
520,13245,Richmond County
521,13247,Rockdale County
522,13249,Schley County
523,13251,Screven County
524,13253,Seminole County
525,13255,Spalding County
526,13257,Stephens County
527,13259,Stewart County
528,13261,Sumter County
529,13263,Talbot County
530,13265,Taliaferro County
531,13267,Tattnall County
532,13269,Taylor County
533,13271,Telfair County
534,13273,Terrell County
535,13275,Thomas County
536,13277,Tift County
537,13279,Toombs County
538,13281,Towns County
539,13283,Treutlen County
540,13285,Troup County
541,13287,Turner County
542,13289,Twiggs County
543,13291,Union County
544,13293,Upson County
545,13295,Walker County
546,13297,Walton County
547,13299,Ware County
548,13301,Warren County
549,13303,Washington County
550,13305,Wayne County
551,13307,Webster County
552,13309,Wheeler County
553,13311,White County
554,13313,Whitfield County
555,13315,Wilcox County
556,13317,Wilkes County
557,13319,Wilkinson County
558,13321,Worth County
559,15000,Hawaii
560,15001,Hawaii County
561,15003,Honolulu County
562,15005,Kalawao County
563,15007,Kauai County
564,15009,Maui County
565,16000,Idaho
566,16001,Ada County
567,16003,Adams County
568,16005,Bannock County
569,16007,Bear Lake County
570,16009,Benewah County
571,16011,Bingham County
572,16013,Blaine County
573,16015,Boise County
574,16017,Bonner County
575,16019,Bonneville County
576,16021,Boundary County
577,16023,Butte County
578,16025,Camas County
579,16027,Canyon County
580,16029,Caribou County
581,16031,Cassia County
582,16033,Clark County
583,16035,Clearwater County
584,16037,Custer County
585,16039,Elmore County
586,16041,Franklin County
587,16043,Fremont County
588,16045,Gem County
589,16047,Gooding County
590,16049,Idaho County
591,16051,Jefferson County
592,16053,Jerome County
593,16055,Kootenai County
594,16057,Latah County
595,16059,Lemhi County
596,16061,Lewis County
597,16063,Lincoln County
598,16065,Madison County
599,16067,Minidoka County
600,16069,Nez Perce County
601,16071,Oneida County
602,16073,Owyhee County
603,16075,Payette County
604,16077,Power County
605,16079,Shoshone County
606,16081,Teton County
607,16083,Twin Falls County
608,16085,Valley County
609,16087,Washington County
610,17000,Illinois
611,17001,Adams County
612,17003,Alexander County
613,17005,Bond County
614,17007,Boone County
615,17009,Brown County
616,17011,Bureau County
617,17013,Calhoun County
618,17015,Carroll County
619,17017,Cass County
620,17019,Champaign County
621,17021,Christian County
622,17023,Clark County
623,17025,Clay County
624,17027,Clinton County
625,17029,Coles County
626,17031,Cook County
627,17033,Crawford County
628,17035,Cumberland County
629,17037,DeKalb County
630,17039,De Witt County
631,17041,Douglas County
632,17043,DuPage County
633,17045,Edgar County
634,17047,Edwards County
635,17049,Effingham County
636,17051,Fayette County
637,17053,Ford County
638,17055,Franklin County
639,17057,Fulton County
640,17059,Gallatin County
641,17061,Greene County
642,17063,Grundy County
643,17065,Hamilton County
644,17067,Hancock County
645,17069,Hardin County
646,17071,Henderson County
647,17073,Henry County
648,17075,Iroquois County
649,17077,Jackson County
650,17079,Jasper County
651,17081,Jefferson County
652,17083,Jersey County
653,17085,Jo Daviess County
654,17087,Johnson County
655,17089,Kane County
656,17091,Kankakee County
657,17093,Kendall County
658,17095,Knox County
659,17097,Lake County
660,17099,LaSalle County
661,17101,Lawrence County
662,17103,Lee County
663,17105,Livingston County
664,17107,Logan County
665,17109,McDonough County
666,17111,McHenry County
667,17113,McLean County
668,17115,Macon County
669,17117,Macoupin County
670,17119,Madison County
671,17121,Marion County
672,17123,Marshall County
673,17125,Mason County
674,17127,Massac County
675,17129,Menard County
676,17131,Mercer County
677,17133,Monroe County
678,17135,Montgomery County
679,17137,Morgan County
680,17139,Moultrie County
681,17141,Ogle County
682,17143,Peoria County
683,17145,Perry County
684,17147,Piatt County
685,17149,Pike County
686,17151,Pope County
687,17153,Pulaski County
688,17155,Putnam County
689,17157,Randolph County
690,17159,Richland County
691,17161,Rock Island County
692,17163,St. Clair County
693,17165,Saline County
694,17167,Sangamon County
695,17169,Schuyler County
696,17171,Scott County
697,17173,Shelby County
698,17175,Stark County
699,17177,Stephenson County
700,17179,Tazewell County
701,17181,Union County
702,17183,Vermilion County
703,17185,Wabash County
704,17187,Warren County
705,17189,Washington County
706,17191,Wayne County
707,17193,White County
708,17195,Whiteside County
709,17197,Will County
710,17199,Williamson County
711,17201,Winnebago County
712,17203,Woodford County
713,18000,Indiana
714,18001,Adams County
715,18003,Allen County
716,18005,Bartholomew County
717,18007,Benton County
718,18009,Blackford County
719,18011,Boone County
720,18013,Brown County
721,18015,Carroll County
722,18017,Cass County
723,18019,Clark County
724,18021,Clay County
725,18023,Clinton County
726,18025,Crawford County
727,18027,Daviess County
728,18029,Dearborn County
729,18031,Decatur County
730,18033,DeKalb County
731,18035,Delaware County
732,18037,Dubois County
733,18039,Elkhart County
734,18041,Fayette County
735,18043,Floyd County
736,18045,Fountain County
737,18047,Franklin County
738,18049,Fulton County
739,18051,Gibson County
740,18053,Grant County
741,18055,Greene County
742,18057,Hamilton County
743,18059,Hancock County
744,18061,Harrison County
745,18063,Hendricks County
746,18065,Henry County
747,18067,Howard County
748,18069,Huntington County
749,18071,Jackson County
750,18073,Jasper County
751,18075,Jay County
752,18077,Jefferson County
753,18079,Jennings County
754,18081,Johnson County
755,18083,Knox County
756,18085,Kosciusko County
757,18087,LaGrange County
758,18089,Lake County
759,18091,LaPorte County
760,18093,Lawrence County
761,18095,Madison County
762,18097,Marion County
763,18099,Marshall County
764,18101,Martin County
765,18103,Miami County
766,18105,Monroe County
767,18107,Montgomery County
768,18109,Morgan County
769,18111,Newton County
770,18113,Noble County
771,18115,Ohio County
772,18117,Orange County
773,18119,Owen County
774,18121,Parke County
775,18123,Perry County
776,18125,Pike County
777,18127,Porter County
778,18129,Posey County
779,18131,Pulaski County
780,18133,Putnam County
781,18135,Randolph County
782,18137,Ripley County
783,18139,Rush County
784,18141,St. Joseph County
785,18143,Scott County
786,18145,Shelby County
787,18147,Spencer County
788,18149,Starke County
789,18151,Steuben County
790,18153,Sullivan County
791,18155,Switzerland County
792,18157,Tippecanoe County
793,18159,Tipton County
794,18161,Union County
795,18163,Vanderburgh County
796,18165,Vermillion County
797,18167,Vigo County
798,18169,Wabash County
799,18171,Warren County
800,18173,Warrick County
801,18175,Washington County
802,18177,Wayne County
803,18179,Wells County
804,18181,White County
805,18183,Whitley County
806,19000,Iowa
807,19001,Adair County
808,19003,Adams County
809,19005,Allamakee County
810,19007,Appanoose County
811,19009,Audubon County
812,19011,Benton County
813,19013,Black Hawk County
814,19015,Boone County
815,19017,Bremer County
816,19019,Buchanan County
817,19021,Buena Vista County
818,19023,Butler County
819,19025,Calhoun County
820,19027,Carroll County
821,19029,Cass County
822,19031,Cedar County
823,19033,Cerro Gordo County
824,19035,Cherokee County
825,19037,Chickasaw County
826,19039,Clarke County
827,19041,Clay County
828,19043,Clayton County
829,19045,Clinton County
830,19047,Crawford County
831,19049,Dallas County
832,19051,Davis County
833,19053,Decatur County
834,19055,Delaware County
835,19057,Des Moines County
836,19059,Dickinson County
837,19061,Dubuque County
838,19063,Emmet County
839,19065,Fayette County
840,19067,Floyd County
841,19069,Franklin County
842,19071,Fremont County
843,19073,Greene County
844,19075,Grundy County
845,19077,Guthrie County
846,19079,Hamilton County
847,19081,Hancock County
848,19083,Hardin County
849,19085,Harrison County
850,19087,Henry County
851,19089,Howard County
852,19091,Humboldt County
853,19093,Ida County
854,19095,Iowa County
855,19097,Jackson County
856,19099,Jasper County
857,19101,Jefferson County
858,19103,Johnson County
859,19105,Jones County
860,19107,Keokuk County
861,19109,Kossuth County
862,19111,Lee County
863,19113,Linn County
864,19115,Louisa County
865,19117,Lucas County
866,19119,Lyon County
867,19121,Madison County
868,19123,Mahaska County
869,19125,Marion County
870,19127,Marshall County
871,19129,Mills County
872,19131,Mitchell County
873,19133,Monona County
874,19135,Monroe County
875,19137,Montgomery County
876,19139,Muscatine County
877,19141,O'Brien County
878,19143,Osceola County
879,19145,Page County
880,19147,Palo Alto County
881,19149,Plymouth County
882,19151,Pocahontas County
883,19153,Polk County
884,19155,Pottawattamie County
885,19157,Poweshiek County
886,19159,Ringgold County
887,19161,Sac County
888,19163,Scott County
889,19165,Shelby County
890,19167,Sioux County
891,19169,Story County
892,19171,Tama County
893,19173,Taylor County
894,19175,Union County
895,19177,Van Buren County
896,19179,Wapello County
897,19181,Warren County
898,19183,Washington County
899,19185,Wayne County
900,19187,Webster County
901,19189,Winnebago County
902,19191,Winneshiek County
903,19193,Woodbury County
904,19195,Worth County
905,19197,Wright County
906,20000,Kansas
907,20001,Allen County
908,20003,Anderson County
909,20005,Atchison County
910,20007,Barber County
911,20009,Barton County
912,20011,Bourbon County
913,20013,Brown County
914,20015,Butler County
915,20017,Chase County
916,20019,Chautauqua County
917,20021,Cherokee County
918,20023,Cheyenne County
919,20025,Clark County
920,20027,Clay County
921,20029,Cloud County
922,20031,Coffey County
923,20033,Comanche County
924,20035,Cowley County
925,20037,Crawford County
926,20039,Decatur County
927,20041,Dickinson County
928,20043,Doniphan County
929,20045,Douglas County
930,20047,Edwards County
931,20049,Elk County
932,20051,Ellis County
933,20053,Ellsworth County
934,20055,Finney County
935,20057,Ford County
936,20059,Franklin County
937,20061,Geary County
938,20063,Gove County
939,20065,Graham County
940,20067,Grant County
941,20069,Gray County
942,20071,Greeley County
943,20073,Greenwood County
944,20075,Hamilton County
945,20077,Harper County
946,20079,Harvey County
947,20081,Haskell County
948,20083,Hodgeman County
949,20085,Jackson County
950,20087,Jefferson County
951,20089,Jewell County
952,20091,Johnson County
953,20093,Kearny County
954,20095,Kingman County
955,20097,Kiowa County
956,20099,Labette County
957,20101,Lane County
958,20103,Leavenworth County
959,20105,Lincoln County
960,20107,Linn County
961,20109,Logan County
962,20111,Lyon County
963,20113,McPherson County
964,20115,Marion County
965,20117,Marshall County
966,20119,Meade County
967,20121,Miami County
968,20123,Mitchell County
969,20125,Montgomery County
970,20127,Morris County
971,20129,Morton County
972,20131,Nemaha County
973,20133,Neosho County
974,20135,Ness County
975,20137,Norton County
976,20139,Osage County
977,20141,Osborne County
978,20143,Ottawa County
979,20145,Pawnee County
980,20147,Phillips County
981,20149,Pottawatomie County
982,20151,Pratt County
983,20153,Rawlins County
984,20155,Reno County
985,20157,Republic County
986,20159,Rice County
987,20161,Riley County
988,20163,Rooks County
989,20165,Rush County
990,20167,Russell County
991,20169,Saline County
992,20171,Scott County
993,20173,Sedgwick County
994,20175,Seward County
995,20177,Shawnee County
996,20179,Sheridan County
997,20181,Sherman County
998,20183,Smith County
999,20185,Stafford County
1000,20187,Stanton County
1001,20189,Stevens County
1002,20191,Sumner County
1003,20193,Thomas County
1004,20195,Trego County
1005,20197,Wabaunsee County
1006,20199,Wallace County
1007,20201,Washington County
1008,20203,Wichita County
1009,20205,Wilson County
1010,20207,Woodson County
1011,20209,Wyandotte County
1012,21000,Kentucky
1013,21001,Adair County
1014,21003,Allen County
1015,21005,Anderson County
1016,21007,Ballard County
1017,21009,Barren County
1018,21011,Bath County
1019,21013,Bell County
1020,21015,Boone County
1021,21017,Bourbon County
1022,21019,Boyd County
1023,21021,Boyle County
1024,21023,Bracken County
1025,21025,Breathitt County
1026,21027,Breckinridge County
1027,21029,Bullitt County
1028,21031,Butler County
1029,21033,Caldwell County
1030,21035,Calloway County
1031,21037,Campbell County
1032,21039,Carlisle County
1033,21041,Carroll County
1034,21043,Carter County
1035,21045,Casey County
1036,21047,Christian County
1037,21049,Clark County
1038,21051,Clay County
1039,21053,Clinton County
1040,21055,Crittenden County
1041,21057,Cumberland County
1042,21059,Daviess County
1043,21061,Edmonson County
1044,21063,Elliott County
1045,21065,Estill County
1046,21067,Fayette County
1047,21069,Fleming County
1048,21071,Floyd County
1049,21073,Franklin County
1050,21075,Fulton County
1051,21077,Gallatin County
1052,21079,Garrard County
1053,21081,Grant County
1054,21083,Graves County
1055,21085,Grayson County
1056,21087,Green County
1057,21089,Greenup County
1058,21091,Hancock County
1059,21093,Hardin County
1060,21095,Harlan County
1061,21097,Harrison County
1062,21099,Hart County
1063,21101,Henderson County
1064,21103,Henry County
1065,21105,Hickman County
1066,21107,Hopkins County
1067,21109,Jackson County
1068,21111,Jefferson County
1069,21113,Jessamine County
1070,21115,Johnson County
1071,21117,Kenton County
1072,21119,Knott County
1073,21121,Knox County
1074,21123,Larue County
1075,21125,Laurel County
1076,21127,Lawrence County
1077,21129,Lee County
1078,21131,Leslie County
1079,21133,Letcher County
1080,21135,Lewis County
1081,21137,Lincoln County
1082,21139,Livingston County
1083,21141,Logan County
1084,21143,Lyon County
1085,21145,McCracken County
1086,21147,McCreary County
1087,21149,McLean County
1088,21151,Madison County
1089,21153,Magoffin County
1090,21155,Marion County
1091,21157,Marshall County
1092,21159,Martin County
1093,21161,Mason County
1094,21163,Meade County
1095,21165,Menifee County
1096,21167,Mercer County
1097,21169,Metcalfe County
1098,21171,Monroe County
1099,21173,Montgomery County
1100,21175,Morgan County
1101,21177,Muhlenberg County
1102,21179,Nelson County
1103,21181,Nicholas County
1104,21183,Ohio County
1105,21185,Oldham County
1106,21187,Owen County
1107,21189,Owsley County
1108,21191,Pendleton County
1109,21193,Perry County
1110,21195,Pike County
1111,21197,Powell County
1112,21199,Pulaski County
1113,21201,Robertson County
1114,21203,Rockcastle County
1115,21205,Rowan County
1116,21207,Russell County
1117,21209,Scott County
1118,21211,Shelby County
1119,21213,Simpson County
1120,21215,Spencer County
1121,21217,Taylor County
1122,21219,Todd County
1123,21221,Trigg County
1124,21223,Trimble County
1125,21225,Union County
1126,21227,Warren County
1127,21229,Washington County
1128,21231,Wayne County
1129,21233,Webster County
1130,21235,Whitley County
1131,21237,Wolfe County
1132,21239,Woodford County
1133,22000,Louisiana
1134,22001,Acadia Parish
1135,22003,Allen Parish
1136,22005,Ascension Parish
1137,22007,Assumption Parish
1138,22009,Avoyelles Parish
1139,22011,Beauregard Parish
1140,22013,Bienville Parish
1141,22015,Bossier Parish
1142,22017,Caddo Parish
1143,22019,Calcasieu Parish
1144,22021,Caldwell Parish
1145,22023,Cameron Parish
1146,22025,Catahoula Parish
1147,22027,Claiborne Parish
1148,22029,Concordia Parish
1149,22031,De Soto Parish
1150,22033,East Baton Rouge Parish
1151,22035,East Carroll Parish
1152,22037,East Feliciana Parish
1153,22039,Evangeline Parish
1154,22041,Franklin Parish
1155,22043,Grant Parish
1156,22045,Iberia Parish
1157,22047,Iberville Parish
1158,22049,Jackson Parish
1159,22051,Jefferson Parish
1160,22053,Jefferson Davis Parish
1161,22055,Lafayette Parish
1162,22057,Lafourche Parish
1163,22059,LaSalle Parish
1164,22061,Lincoln Parish
1165,22063,Livingston Parish
1166,22065,Madison Parish
1167,22067,Morehouse Parish
1168,22069,Natchitoches Parish
1169,22071,Orleans Parish
1170,22073,Ouachita Parish
1171,22075,Plaquemines Parish
1172,22077,Pointe Coupee Parish
1173,22079,Rapides Parish
1174,22081,Red River Parish
1175,22083,Richland Parish
1176,22085,Sabine Parish
1177,22087,St. Bernard Parish
1178,22089,St. Charles Parish
1179,22091,St. Helena Parish
1180,22093,St. James Parish
1181,22095,St. John the Baptist Parish
1182,22097,St. Landry Parish
1183,22099,St. Martin Parish
1184,22101,St. Mary Parish
1185,22103,St. Tammany Parish
1186,22105,Tangipahoa Parish
1187,22107,Tensas Parish
1188,22109,Terrebonne Parish
1189,22111,Union Parish
1190,22113,Vermilion Parish
1191,22115,Vernon Parish
1192,22117,Washington Parish
1193,22119,Webster Parish
1194,22121,West Baton Rouge Parish
1195,22123,West Carroll Parish
1196,22125,West Feliciana Parish
1197,22127,Winn Parish
1198,23000,Maine
1199,23001,Androscoggin County
1200,23003,Aroostook County
1201,23005,Cumberland County
1202,23007,Franklin County
1203,23009,Hancock County
1204,23011,Kennebec County
1205,23013,Knox County
1206,23015,Lincoln County
1207,23017,Oxford County
1208,23019,Penobscot County
1209,23021,Piscataquis County
1210,23023,Sagadahoc County
1211,23025,Somerset County
1212,23027,Waldo County
1213,23029,Washington County
1214,23031,York County
1215,24000,Maryland
1216,24001,Allegany County
1217,24003,Anne Arundel County
1218,24005,Baltimore County
1219,24009,Calvert County
1220,24011,Caroline County
1221,24013,Carroll County
1222,24015,Cecil County
1223,24017,Charles County
1224,24019,Dorchester County
1225,24021,Frederick County
1226,24023,Garrett County
1227,24025,Harford County
1228,24027,Howard County
1229,24029,Kent County
1230,24031,Montgomery County
1231,24033,Prince George's County
1232,24035,Queen Anne's County
1233,24037,St. Mary's County
1234,24039,Somerset County
1235,24041,Talbot County
1236,24043,Washington County
1237,24045,Wicomico County
1238,24047,Worcester County
1239,24510,Baltimore city
1240,25000,Massachusetts
1241,25001,Barnstable County
1242,25003,Berkshire County
1243,25005,Bristol County
1244,25007,Dukes County
1245,25009,Essex County
1246,25011,Franklin County
1247,25013,Hampden County
1248,25015,Hampshire County
1249,25017,Middlesex County
1250,25019,Nantucket County
1251,25021,Norfolk County
1252,25023,Plymouth County
1253,25025,Suffolk County
1254,25027,Worcester County
1255,26000,Michigan
1256,26001,Alcona County
1257,26003,Alger County
1258,26005,Allegan County
1259,26007,Alpena County
1260,26009,Antrim County
1261,26011,Arenac County
1262,26013,Baraga County
1263,26015,Barry County
1264,26017,Bay County
1265,26019,Benzie County
1266,26021,Berrien County
1267,26023,Branch County
1268,26025,Calhoun County
1269,26027,Cass County
1270,26029,Charlevoix County
1271,26031,Cheboygan County
1272,26033,Chippewa County
1273,26035,Clare County
1274,26037,Clinton County
1275,26039,Crawford County
1276,26041,Delta County
1277,26043,Dickinson County
1278,26045,Eaton County
1279,26047,Emmet County
1280,26049,Genesee County
1281,26051,Gladwin County
1282,26053,Gogebic County
1283,26055,Grand Traverse County
1284,26057,Gratiot County
1285,26059,Hillsdale County
1286,26061,Houghton County
1287,26063,Huron County
1288,26065,Ingham County
1289,26067,Ionia County
1290,26069,Iosco County
1291,26071,Iron County
1292,26073,Isabella County
1293,26075,Jackson County
1294,26077,Kalamazoo County
1295,26079,Kalkaska County
1296,26081,Kent County
1297,26083,Keweenaw County
1298,26085,Lake County
1299,26087,Lapeer County
1300,26089,Leelanau County
1301,26091,Lenawee County
1302,26093,Livingston County
1303,26095,Luce County
1304,26097,Mackinac County
1305,26099,Macomb County
1306,26101,Manistee County
1307,26103,Marquette County
1308,26105,Mason County
1309,26107,Mecosta County
1310,26109,Menominee County
1311,26111,Midland County
1312,26113,Missaukee County
1313,26115,Monroe County
1314,26117,Montcalm County
1315,26119,Montmorency County
1316,26121,Muskegon County
1317,26123,Newaygo County
1318,26125,Oakland County
1319,26127,Oceana County
1320,26129,Ogemaw County
1321,26131,Ontonagon County
1322,26133,Osceola County
1323,26135,Oscoda County
1324,26137,Otsego County
1325,26139,Ottawa County
1326,26141,Presque Isle County
1327,26143,Roscommon County
1328,26145,Saginaw County
1329,26147,St. Clair County
1330,26149,St. Joseph County
1331,26151,Sanilac County
1332,26153,Schoolcraft County
1333,26155,Shiawassee County
1334,26157,Tuscola County
1335,26159,Van Buren County
1336,26161,Washtenaw County
1337,26163,Wayne County
1338,26165,Wexford County
1339,27000,Minnesota
1340,27001,Aitkin County
1341,27003,Anoka County
1342,27005,Becker County
1343,27007,Beltrami County
1344,27009,Benton County
1345,27011,Big Stone County
1346,27013,Blue Earth County
1347,27015,Brown County
1348,27017,Carlton County
1349,27019,Carver County
1350,27021,Cass County
1351,27023,Chippewa County
1352,27025,Chisago County
1353,27027,Clay County
1354,27029,Clearwater County
1355,27031,Cook County
1356,27033,Cottonwood County
1357,27035,Crow Wing County
1358,27037,Dakota County
1359,27039,Dodge County
1360,27041,Douglas County
1361,27043,Faribault County
1362,27045,Fillmore County
1363,27047,Freeborn County
1364,27049,Goodhue County
1365,27051,Grant County
1366,27053,Hennepin County
1367,27055,Houston County
1368,27057,Hubbard County
1369,27059,Isanti County
1370,27061,Itasca County
1371,27063,Jackson County
1372,27065,Kanabec County
1373,27067,Kandiyohi County
1374,27069,Kittson County
1375,27071,Koochiching County
1376,27073,Lac qui Parle County
1377,27075,Lake County
1378,27077,Lake of the Woods County
1379,27079,Le Sueur County
1380,27081,Lincoln County
1381,27083,Lyon County
1382,27085,McLeod County
1383,27087,Mahnomen County
1384,27089,Marshall County
1385,27091,Martin County
1386,27093,Meeker County
1387,27095,Mille Lacs County
1388,27097,Morrison County
1389,27099,Mower County
1390,27101,Murray County
1391,27103,Nicollet County
1392,27105,Nobles County
1393,27107,Norman County
1394,27109,Olmsted County
1395,27111,Otter Tail County
1396,27113,Pennington County
1397,27115,Pine County
1398,27117,Pipestone County
1399,27119,Polk County
1400,27121,Pope County
1401,27123,Ramsey County
1402,27125,Red Lake County
1403,27127,Redwood County
1404,27129,Renville County
1405,27131,Rice County
1406,27133,Rock County
1407,27135,Roseau County
1408,27137,St. Louis County
1409,27139,Scott County
1410,27141,Sherburne County
1411,27143,Sibley County
1412,27145,Stearns County
1413,27147,Steele County
1414,27149,Stevens County
1415,27151,Swift County
1416,27153,Todd County
1417,27155,Traverse County
1418,27157,Wabasha County
1419,27159,Wadena County
1420,27161,Waseca County
1421,27163,Washington County
1422,27165,Watonwan County
1423,27167,Wilkin County
1424,27169,Winona County
1425,27171,Wright County
1426,27173,Yellow Medicine County
1427,28000,Mississippi
1428,28001,Adams County
1429,28003,Alcorn County
1430,28005,Amite County
1431,28007,Attala County
1432,28009,Benton County
1433,28011,Bolivar County
1434,28013,Calhoun County
1435,28015,Carroll County
1436,28017,Chickasaw County
1437,28019,Choctaw County
1438,28021,Claiborne County
1439,28023,Clarke County
1440,28025,Clay County
1441,28027,Coahoma County
1442,28029,Copiah County
1443,28031,Covington County
1444,28033,DeSoto County
1445,28035,Forrest County
1446,28037,Franklin County
1447,28039,George County
1448,28041,Greene County
1449,28043,Grenada County
1450,28045,Hancock County
1451,28047,Harrison County
1452,28049,Hinds County
1453,28051,Holmes County
1454,28053,Humphreys County
1455,28055,Issaquena County
1456,28057,Itawamba County
1457,28059,Jackson County
1458,28061,Jasper County
1459,28063,Jefferson County
1460,28065,Jefferson Davis County
1461,28067,Jones County
1462,28069,Kemper County
1463,28071,Lafayette County
1464,28073,Lamar County
1465,28075,Lauderdale County
1466,28077,Lawrence County
1467,28079,Leake County
1468,28081,Lee County
1469,28083,Leflore County
1470,28085,Lincoln County
1471,28087,Lowndes County
1472,28089,Madison County
1473,28091,Marion County
1474,28093,Marshall County
1475,28095,Monroe County
1476,28097,Montgomery County
1477,28099,Neshoba County
1478,28101,Newton County
1479,28103,Noxubee County
1480,28105,Oktibbeha County
1481,28107,Panola County
1482,28109,Pearl River County
1483,28111,Perry County
1484,28113,Pike County
1485,28115,Pontotoc County
1486,28117,Prentiss County
1487,28119,Quitman County
1488,28121,Rankin County
1489,28123,Scott County
1490,28125,Sharkey County
1491,28127,Simpson County
1492,28129,Smith County
1493,28131,Stone County
1494,28133,Sunflower County
1495,28135,Tallahatchie County
1496,28137,Tate County
1497,28139,Tippah County
1498,28141,Tishomingo County
1499,28143,Tunica County
1500,28145,Union County
1501,28147,Walthall County
1502,28149,Warren County
1503,28151,Washington County
1504,28153,Wayne County
1505,28155,Webster County
1506,28157,Wilkinson County
1507,28159,Winston County
1508,28161,Yalobusha County
1509,28163,Yazoo County
1510,29000,Missouri
1511,29001,Adair County
1512,29003,Andrew County
1513,29005,Atchison County
1514,29007,Audrain County
1515,29009,Barry County
1516,29011,Barton County
1517,29013,Bates County
1518,29015,Benton County
1519,29017,Bollinger County
1520,29019,Boone County
1521,29021,Buchanan County
1522,29023,Butler County
1523,29025,Caldwell County
1524,29027,Callaway County
1525,29029,Camden County
1526,29031,Cape Girardeau County
1527,29033,Carroll County
1528,29035,Carter County
1529,29037,Cass County
1530,29039,Cedar County
1531,29041,Chariton County
1532,29043,Christian County
1533,29045,Clark County
1534,29047,Clay County
1535,29049,Clinton County
1536,29051,Cole County
1537,29053,Cooper County
1538,29055,Crawford County
1539,29057,Dade County
1540,29059,Dallas County
1541,29061,Daviess County
1542,29063,DeKalb County
1543,29065,Dent County
1544,29067,Douglas County
1545,29069,Dunklin County
1546,29071,Franklin County
1547,29073,Gasconade County
1548,29075,Gentry County
1549,29077,Greene County
1550,29079,Grundy County
1551,29081,Harrison County
1552,29083,Henry County
1553,29085,Hickory County
1554,29087,Holt County
1555,29089,Howard County
1556,29091,Howell County
1557,29093,Iron County
1558,29095,Jackson County
1559,29097,Jasper County
1560,29099,Jefferson County
1561,29101,Johnson County
1562,29103,Knox County
1563,29105,Laclede County
1564,29107,Lafayette County
1565,29109,Lawrence County
1566,29111,Lewis County
1567,29113,Lincoln County
1568,29115,Linn County
1569,29117,Livingston County
1570,29119,McDonald County
1571,29121,Macon County
1572,29123,Madison County
1573,29125,Maries County
1574,29127,Marion County
1575,29129,Mercer County
1576,29131,Miller County
1577,29133,Mississippi County
1578,29135,Moniteau County
1579,29137,Monroe County
1580,29139,Montgomery County
1581,29141,Morgan County
1582,29143,New Madrid County
1583,29145,Newton County
1584,29147,Nodaway County
1585,29149,Oregon County
1586,29151,Osage County
1587,29153,Ozark County
1588,29155,Pemiscot County
1589,29157,Perry County
1590,29159,Pettis County
1591,29161,Phelps County
1592,29163,Pike County
1593,29165,Platte County
1594,29167,Polk County
1595,29169,Pulaski County
1596,29171,Putnam County
1597,29173,Ralls County
1598,29175,Randolph County
1599,29177,Ray County
1600,29179,Reynolds County
1601,29181,Ripley County
1602,29183,St. Charles County
1603,29185,St. Clair County
1604,29186,Ste. Genevieve County
1605,29187,St. Francois County
1606,29189,St. Louis County
1607,29195,Saline County
1608,29197,Schuyler County
1609,29199,Scotland County
1610,29201,Scott County
1611,29203,Shannon County
1612,29205,Shelby County
1613,29207,Stoddard County
1614,29209,Stone County
1615,29211,Sullivan County
1616,29213,Taney County
1617,29215,Texas County
1618,29217,Vernon County
1619,29219,Warren County
1620,29221,Washington County
1621,29223,Wayne County
1622,29225,Webster County
1623,29227,Worth County
1624,29229,Wright County
1625,29510,St. Louis city
1626,30000,Montana
1627,30001,Beaverhead County
1628,30003,Big Horn County
1629,30005,Blaine County
1630,30007,Broadwater County
1631,30009,Carbon County
1632,30011,Carter County
1633,30013,Cascade County
1634,30015,Chouteau County
1635,30017,Custer County
1636,30019,Daniels County
1637,30021,Dawson County
1638,30023,Deer Lodge County
1639,30025,Fallon County
1640,30027,Fergus County
1641,30029,Flathead County
1642,30031,Gallatin County
1643,30033,Garfield County
1644,30035,Glacier County
1645,30037,Golden Valley County
1646,30039,Granite County
1647,30041,Hill County
1648,30043,Jefferson County
1649,30045,Judith Basin County
1650,30047,Lake County
1651,30049,Lewis and Clark County
1652,30051,Liberty County
1653,30053,Lincoln County
1654,30055,McCone County
1655,30057,Madison County
1656,30059,Meagher County
1657,30061,Mineral County
1658,30063,Missoula County
1659,30065,Musselshell County
1660,30067,Park County
1661,30069,Petroleum County
1662,30071,Phillips County
1663,30073,Pondera County
1664,30075,Powder River County
1665,30077,Powell County
1666,30079,Prairie County
1667,30081,Ravalli County
1668,30083,Richland County
1669,30085,Roosevelt County
1670,30087,Rosebud County
1671,30089,Sanders County
1672,30091,Sheridan County
1673,30093,Silver Bow County
1674,30095,Stillwater County
1675,30097,Sweet Grass County
1676,30099,Teton County
1677,30101,Toole County
1678,30103,Treasure County
1679,30105,Valley County
1680,30107,Wheatland County
1681,30109,Wibaux County
1682,30111,Yellowstone County
1683,31000,Nebraska
1684,31001,Adams County
1685,31003,Antelope County
1686,31005,Arthur County
1687,31007,Banner County
1688,31009,Blaine County
1689,31011,Boone County
1690,31013,Box Butte County
1691,31015,Boyd County
1692,31017,Brown County
1693,31019,Buffalo County
1694,31021,Burt County
1695,31023,Butler County
1696,31025,Cass County
1697,31027,Cedar County
1698,31029,Chase County
1699,31031,Cherry County
1700,31033,Cheyenne County
1701,31035,Clay County
1702,31037,Colfax County
1703,31039,Cuming County
1704,31041,Custer County
1705,31043,Dakota County
1706,31045,Dawes County
1707,31047,Dawson County
1708,31049,Deuel County
1709,31051,Dixon County
1710,31053,Dodge County
1711,31055,Douglas County
1712,31057,Dundy County
1713,31059,Fillmore County
1714,31061,Franklin County
1715,31063,Frontier County
1716,31065,Furnas County
1717,31067,Gage County
1718,31069,Garden County
1719,31071,Garfield County
1720,31073,Gosper County
1721,31075,Grant County
1722,31077,Greeley County
1723,31079,Hall County
1724,31081,Hamilton County
1725,31083,Harlan County
1726,31085,Hayes County
1727,31087,Hitchcock County
1728,31089,Holt County
1729,31091,Hooker County
1730,31093,Howard County
1731,31095,Jefferson County
1732,31097,Johnson County
1733,31099,Kearney County
1734,31101,Keith County
1735,31103,Keya Paha County
1736,31105,Kimball County
1737,31107,Knox County
1738,31109,Lancaster County
1739,31111,Lincoln County
1740,31113,Logan County
1741,31115,Loup County
1742,31117,McPherson County
1743,31119,Madison County
1744,31121,Merrick County
1745,31123,Morrill County
1746,31125,Nance County
1747,31127,Nemaha County
1748,31129,Nuckolls County
1749,31131,Otoe County
1750,31133,Pawnee County
1751,31135,Perkins County
1752,31137,Phelps County
1753,31139,Pierce County
1754,31141,Platte County
1755,31143,Polk County
1756,31145,Red Willow County
1757,31147,Richardson County
1758,31149,Rock County
1759,31151,Saline County
1760,31153,Sarpy County
1761,31155,Saunders County
1762,31157,Scotts Bluff County
1763,31159,Seward County
1764,31161,Sheridan County
1765,31163,Sherman County
1766,31165,Sioux County
1767,31167,Stanton County
1768,31169,Thayer County
1769,31171,Thomas County
1770,31173,Thurston County
1771,31175,Valley County
1772,31177,Washington County
1773,31179,Wayne County
1774,31181,Webster County
1775,31183,Wheeler County
1776,31185,York County
1777,32000,Nevada
1778,32001,Churchill County
1779,32003,Clark County
1780,32005,Douglas County
1781,32007,Elko County
1782,32009,Esmeralda County
1783,32011,Eureka County
1784,32013,Humboldt County
1785,32015,Lander County
1786,32017,Lincoln County
1787,32019,Lyon County
1788,32021,Mineral County
1789,32023,Nye County
1790,32027,Pershing County
1791,32029,Storey County
1792,32031,Washoe County
1793,32033,White Pine County
1794,32510,Carson City
1795,33000,New Hampshire
1796,33001,Belknap County
1797,33003,Carroll County
1798,33005,Cheshire County
1799,33007,Coos County
1800,33009,Grafton County
1801,33011,Hillsborough County
1802,33013,Merrimack County
1803,33015,Rockingham County
1804,33017,Strafford County
1805,33019,Sullivan County
1806,34000,New Jersey
1807,34001,Atlantic County
1808,34003,Bergen County
1809,34005,Burlington County
1810,34007,Camden County
1811,34009,Cape May County
1812,34011,Cumberland County
1813,34013,Essex County
1814,34015,Gloucester County
1815,34017,Hudson County
1816,34019,Hunterdon County
1817,34021,Mercer County
1818,34023,Middlesex County
1819,34025,Monmouth County
1820,34027,Morris County
1821,34029,Ocean County
1822,34031,Passaic County
1823,34033,Salem County
1824,34035,Somerset County
1825,34037,Sussex County
1826,34039,Union County
1827,34041,Warren County
1828,35000,New Mexico
1829,35001,Bernalillo County
1830,35003,Catron County
1831,35005,Chaves County
1832,35006,Cibola County
1833,35007,Colfax County
1834,35009,Curry County
1835,35011,De Baca County
1836,35013,Do√±a Ana County
1837,35015,Eddy County
1838,35017,Grant County
1839,35019,Guadalupe County
1840,35021,Harding County
1841,35023,Hidalgo County
1842,35025,Lea County
1843,35027,Lincoln County
1844,35028,Los Alamos County
1845,35029,Luna County
1846,35031,McKinley County
1847,35033,Mora County
1848,35035,Otero County
1849,35037,Quay County
1850,35039,Rio Arriba County
1851,35041,Roosevelt County
1852,35043,Sandoval County
1853,35045,San Juan County
1854,35047,San Miguel County
1855,35049,Santa Fe County
1856,35051,Sierra County
1857,35053,Socorro County
1858,35055,Taos County
1859,35057,Torrance County
1860,35059,Union County
1861,35061,Valencia County
1862,36000,New York
1863,36001,Albany County
1864,36003,Allegany County
1865,36005,Bronx County
1866,36007,Broome County
1867,36009,Cattaraugus County
1868,36011,Cayuga County
1869,36013,Chautauqua County
1870,36015,Chemung County
1871,36017,Chenango County
1872,36019,Clinton County
1873,36021,Columbia County
1874,36023,Cortland County
1875,36025,Delaware County
1876,36027,Dutchess County
1877,36029,Erie County
1878,36031,Essex County
1879,36033,Franklin County
1880,36035,Fulton County
1881,36037,Genesee County
1882,36039,Greene County
1883,36041,Hamilton County
1884,36043,Herkimer County
1885,36045,Jefferson County
1886,36047,Kings County
1887,36049,Lewis County
1888,36051,Livingston County
1889,36053,Madison County
1890,36055,Monroe County
1891,36057,Montgomery County
1892,36059,Nassau County
1893,36061,New York County
1894,36063,Niagara County
1895,36065,Oneida County
1896,36067,Onondaga County
1897,36069,Ontario County
1898,36071,Orange County
1899,36073,Orleans County
1900,36075,Oswego County
1901,36077,Otsego County
1902,36079,Putnam County
1903,36081,Queens County
1904,36083,Rensselaer County
1905,36085,Richmond County
1906,36087,Rockland County
1907,36089,St. Lawrence County
1908,36091,Saratoga County
1909,36093,Schenectady County
1910,36095,Schoharie County
1911,36097,Schuyler County
1912,36099,Seneca County
1913,36101,Steuben County
1914,36103,Suffolk County
1915,36105,Sullivan County
1916,36107,Tioga County
1917,36109,Tompkins County
1918,36111,Ulster County
1919,36113,Warren County
1920,36115,Washington County
1921,36117,Wayne County
1922,36119,Westchester County
1923,36121,Wyoming County
1924,36123,Yates County
1925,37000,North Carolina
1926,37001,Alamance County
1927,37003,Alexander County
1928,37005,Alleghany County
1929,37007,Anson County
1930,37009,Ashe County
1931,37011,Avery County
1932,37013,Beaufort County
1933,37015,Bertie County
1934,37017,Bladen County
1935,37019,Brunswick County
1936,37021,Buncombe County
1937,37023,Burke County
1938,37025,Cabarrus County
1939,37027,Caldwell County
1940,37029,Camden County
1941,37031,Carteret County
1942,37033,Caswell County
1943,37035,Catawba County
1944,37037,Chatham County
1945,37039,Cherokee County
1946,37041,Chowan County
1947,37043,Clay County
1948,37045,Cleveland County
1949,37047,Columbus County
1950,37049,Craven County
1951,37051,Cumberland County
1952,37053,Currituck County
1953,37055,Dare County
1954,37057,Davidson County
1955,37059,Davie County
1956,37061,Duplin County
1957,37063,Durham County
1958,37065,Edgecombe County
1959,37067,Forsyth County
1960,37069,Franklin County
1961,37071,Gaston County
1962,37073,Gates County
1963,37075,Graham County
1964,37077,Granville County
1965,37079,Greene County
1966,37081,Guilford County
1967,37083,Halifax County
1968,37085,Harnett County
1969,37087,Haywood County
1970,37089,Henderson County
1971,37091,Hertford County
1972,37093,Hoke County
1973,37095,Hyde County
1974,37097,Iredell County
1975,37099,Jackson County
1976,37101,Johnston County
1977,37103,Jones County
1978,37105,Lee County
1979,37107,Lenoir County
1980,37109,Lincoln County
1981,37111,McDowell County
1982,37113,Macon County
1983,37115,Madison County
1984,37117,Martin County
1985,37119,Mecklenburg County
1986,37121,Mitchell County
1987,37123,Montgomery County
1988,37125,Moore County
1989,37127,Nash County
1990,37129,New Hanover County
1991,37131,Northampton County
1992,37133,Onslow County
1993,37135,Orange County
1994,37137,Pamlico County
1995,37139,Pasquotank County
1996,37141,Pender County
1997,37143,Perquimans County
1998,37145,Person County
1999,37147,Pitt County
2000,37149,Polk County
2001,37151,Randolph County
2002,37153,Richmond County
2003,37155,Robeson County
2004,37157,Rockingham County
2005,37159,Rowan County
2006,37161,Rutherford County
2007,37163,Sampson County
2008,37165,Scotland County
2009,37167,Stanly County
2010,37169,Stokes County
2011,37171,Surry County
2012,37173,Swain County
2013,37175,Transylvania County
2014,37177,Tyrrell County
2015,37179,Union County
2016,37181,Vance County
2017,37183,Wake County
2018,37185,Warren County
2019,37187,Washington County
2020,37189,Watauga County
2021,37191,Wayne County
2022,37193,Wilkes County
2023,37195,Wilson County
2024,37197,Yadkin County
2025,37199,Yancey County
2026,38000,North Dakota
2027,38001,Adams County
2028,38003,Barnes County
2029,38005,Benson County
2030,38007,Billings County
2031,38009,Bottineau County
2032,38011,Bowman County
2033,38013,Burke County
2034,38015,Burleigh County
2035,38017,Cass County
2036,38019,Cavalier County
2037,38021,Dickey County
2038,38023,Divide County
2039,38025,Dunn County
2040,38027,Eddy County
2041,38029,Emmons County
2042,38031,Foster County
2043,38033,Golden Valley County
2044,38035,Grand Forks County
2045,38037,Grant County
2046,38039,Griggs County
2047,38041,Hettinger County
2048,38043,Kidder County
2049,38045,LaMoure County
2050,38047,Logan County
2051,38049,McHenry County
2052,38051,McIntosh County
2053,38053,McKenzie County
2054,38055,McLean County
2055,38057,Mercer County
2056,38059,Morton County
2057,38061,Mountrail County
2058,38063,Nelson County
2059,38065,Oliver County
2060,38067,Pembina County
2061,38069,Pierce County
2062,38071,Ramsey County
2063,38073,Ransom County
2064,38075,Renville County
2065,38077,Richland County
2066,38079,Rolette County
2067,38081,Sargent County
2068,38083,Sheridan County
2069,38085,Sioux County
2070,38087,Slope County
2071,38089,Stark County
2072,38091,Steele County
2073,38093,Stutsman County
2074,38095,Towner County
2075,38097,Traill County
2076,38099,Walsh County
2077,38101,Ward County
2078,38103,Wells County
2079,38105,Williams County
2080,39000,Ohio
2081,39001,Adams County
2082,39003,Allen County
2083,39005,Ashland County
2084,39007,Ashtabula County
2085,39009,Athens County
2086,39011,Auglaize County
2087,39013,Belmont County
2088,39015,Brown County
2089,39017,Butler County
2090,39019,Carroll County
2091,39021,Champaign County
2092,39023,Clark County
2093,39025,Clermont County
2094,39027,Clinton County
2095,39029,Columbiana County
2096,39031,Coshocton County
2097,39033,Crawford County
2098,39035,Cuyahoga County
2099,39037,Darke County
2100,39039,Defiance County
2101,39041,Delaware County
2102,39043,Erie County
2103,39045,Fairfield County
2104,39047,Fayette County
2105,39049,Franklin County
2106,39051,Fulton County
2107,39053,Gallia County
2108,39055,Geauga County
2109,39057,Greene County
2110,39059,Guernsey County
2111,39061,Hamilton County
2112,39063,Hancock County
2113,39065,Hardin County
2114,39067,Harrison County
2115,39069,Henry County
2116,39071,Highland County
2117,39073,Hocking County
2118,39075,Holmes County
2119,39077,Huron County
2120,39079,Jackson County
2121,39081,Jefferson County
2122,39083,Knox County
2123,39085,Lake County
2124,39087,Lawrence County
2125,39089,Licking County
2126,39091,Logan County
2127,39093,Lorain County
2128,39095,Lucas County
2129,39097,Madison County
2130,39099,Mahoning County
2131,39101,Marion County
2132,39103,Medina County
2133,39105,Meigs County
2134,39107,Mercer County
2135,39109,Miami County
2136,39111,Monroe County
2137,39113,Montgomery County
2138,39115,Morgan County
2139,39117,Morrow County
2140,39119,Muskingum County
2141,39121,Noble County
2142,39123,Ottawa County
2143,39125,Paulding County
2144,39127,Perry County
2145,39129,Pickaway County
2146,39131,Pike County
2147,39133,Portage County
2148,39135,Preble County
2149,39137,Putnam County
2150,39139,Richland County
2151,39141,Ross County
2152,39143,Sandusky County
2153,39145,Scioto County
2154,39147,Seneca County
2155,39149,Shelby County
2156,39151,Stark County
2157,39153,Summit County
2158,39155,Trumbull County
2159,39157,Tuscarawas County
2160,39159,Union County
2161,39161,Van Wert County
2162,39163,Vinton County
2163,39165,Warren County
2164,39167,Washington County
2165,39169,Wayne County
2166,39171,Williams County
2167,39173,Wood County
2168,39175,Wyandot County
2169,40000,Oklahoma
2170,40001,Adair County
2171,40003,Alfalfa County
2172,40005,Atoka County
2173,40007,Beaver County
2174,40009,Beckham County
2175,40011,Blaine County
2176,40013,Bryan County
2177,40015,Caddo County
2178,40017,Canadian County
2179,40019,Carter County
2180,40021,Cherokee County
2181,40023,Choctaw County
2182,40025,Cimarron County
2183,40027,Cleveland County
2184,40029,Coal County
2185,40031,Comanche County
2186,40033,Cotton County
2187,40035,Craig County
2188,40037,Creek County
2189,40039,Custer County
2190,40041,Delaware County
2191,40043,Dewey County
2192,40045,Ellis County
2193,40047,Garfield County
2194,40049,Garvin County
2195,40051,Grady County
2196,40053,Grant County
2197,40055,Greer County
2198,40057,Harmon County
2199,40059,Harper County
2200,40061,Haskell County
2201,40063,Hughes County
2202,40065,Jackson County
2203,40067,Jefferson County
2204,40069,Johnston County
2205,40071,Kay County
2206,40073,Kingfisher County
2207,40075,Kiowa County
2208,40077,Latimer County
2209,40079,Le Flore County
2210,40081,Lincoln County
2211,40083,Logan County
2212,40085,Love County
2213,40087,McClain County
2214,40089,McCurtain County
2215,40091,McIntosh County
2216,40093,Major County
2217,40095,Marshall County
2218,40097,Mayes County
2219,40099,Murray County
2220,40101,Muskogee County
2221,40103,Noble County
2222,40105,Nowata County
2223,40107,Okfuskee County
2224,40109,Oklahoma County
2225,40111,Okmulgee County
2226,40113,Osage County
2227,40115,Ottawa County
2228,40117,Pawnee County
2229,40119,Payne County
2230,40121,Pittsburg County
2231,40123,Pontotoc County
2232,40125,Pottawatomie County
2233,40127,Pushmataha County
2234,40129,Roger Mills County
2235,40131,Rogers County
2236,40133,Seminole County
2237,40135,Sequoyah County
2238,40137,Stephens County
2239,40139,Texas County
2240,40141,Tillman County
2241,40143,Tulsa County
2242,40145,Wagoner County
2243,40147,Washington County
2244,40149,Washita County
2245,40151,Woods County
2246,40153,Woodward County
2247,41000,Oregon
2248,41001,Baker County
2249,41003,Benton County
2250,41005,Clackamas County
2251,41007,Clatsop County
2252,41009,Columbia County
2253,41011,Coos County
2254,41013,Crook County
2255,41015,Curry County
2256,41017,Deschutes County
2257,41019,Douglas County
2258,41021,Gilliam County
2259,41023,Grant County
2260,41025,Harney County
2261,41027,Hood River County
2262,41029,Jackson County
2263,41031,Jefferson County
2264,41033,Josephine County
2265,41035,Klamath County
2266,41037,Lake County
2267,41039,Lane County
2268,41041,Lincoln County
2269,41043,Linn County
2270,41045,Malheur County
2271,41047,Marion County
2272,41049,Morrow County
2273,41051,Multnomah County
2274,41053,Polk County
2275,41055,Sherman County
2276,41057,Tillamook County
2277,41059,Umatilla County
2278,41061,Union County
2279,41063,Wallowa County
2280,41065,Wasco County
2281,41067,Washington County
2282,41069,Wheeler County
2283,41071,Yamhill County
2284,42000,Pennsylvania
2285,42001,Adams County
2286,42003,Allegheny County
2287,42005,Armstrong County
2288,42007,Beaver County
2289,42009,Bedford County
2290,42011,Berks County
2291,42013,Blair County
2292,42015,Bradford County
2293,42017,Bucks County
2294,42019,Butler County
2295,42021,Cambria County
2296,42023,Cameron County
2297,42025,Carbon County
2298,42027,Centre County
2299,42029,Chester County
2300,42031,Clarion County
2301,42033,Clearfield County
2302,42035,Clinton County
2303,42037,Columbia County
2304,42039,Crawford County
2305,42041,Cumberland County
2306,42043,Dauphin County
2307,42045,Delaware County
2308,42047,Elk County
2309,42049,Erie County
2310,42051,Fayette County
2311,42053,Forest County
2312,42055,Franklin County
2313,42057,Fulton County
2314,42059,Greene County
2315,42061,Huntingdon County
2316,42063,Indiana County
2317,42065,Jefferson County
2318,42067,Juniata County
2319,42069,Lackawanna County
2320,42071,Lancaster County
2321,42073,Lawrence County
2322,42075,Lebanon County
2323,42077,Lehigh County
2324,42079,Luzerne County
2325,42081,Lycoming County
2326,42083,McKean County
2327,42085,Mercer County
2328,42087,Mifflin County
2329,42089,Monroe County
2330,42091,Montgomery County
2331,42093,Montour County
2332,42095,Northampton County
2333,42097,Northumberland County
2334,42099,Perry County
2335,42101,Philadelphia County
2336,42103,Pike County
2337,42105,Potter County
2338,42107,Schuylkill County
2339,42109,Snyder County
2340,42111,Somerset County
2341,42113,Sullivan County
2342,42115,Susquehanna County
2343,42117,Tioga County
2344,42119,Union County
2345,42121,Venango County
2346,42123,Warren County
2347,42125,Washington County
2348,42127,Wayne County
2349,42129,Westmoreland County
2350,42131,Wyoming County
2351,42133,York County
2352,44000,Rhode Island
2353,44001,Bristol County
2354,44003,Kent County
2355,44005,Newport County
2356,44007,Providence County
2357,44009,Washington County
2358,45000,South Carolina
2359,45001,Abbeville County
2360,45003,Aiken County
2361,45005,Allendale County
2362,45007,Anderson County
2363,45009,Bamberg County
2364,45011,Barnwell County
2365,45013,Beaufort County
2366,45015,Berkeley County
2367,45017,Calhoun County
2368,45019,Charleston County
2369,45021,Cherokee County
2370,45023,Chester County
2371,45025,Chesterfield County
2372,45027,Clarendon County
2373,45029,Colleton County
2374,45031,Darlington County
2375,45033,Dillon County
2376,45035,Dorchester County
2377,45037,Edgefield County
2378,45039,Fairfield County
2379,45041,Florence County
2380,45043,Georgetown County
2381,45045,Greenville County
2382,45047,Greenwood County
2383,45049,Hampton County
2384,45051,Horry County
2385,45053,Jasper County
2386,45055,Kershaw County
2387,45057,Lancaster County
2388,45059,Laurens County
2389,45061,Lee County
2390,45063,Lexington County
2391,45065,McCormick County
2392,45067,Marion County
2393,45069,Marlboro County
2394,45071,Newberry County
2395,45073,Oconee County
2396,45075,Orangeburg County
2397,45077,Pickens County
2398,45079,Richland County
2399,45081,Saluda County
2400,45083,Spartanburg County
2401,45085,Sumter County
2402,45087,Union County
2403,45089,Williamsburg County
2404,45091,York County
2405,46000,South Dakota
2406,46003,Aurora County
2407,46005,Beadle County
2408,46007,Bennett County
2409,46009,Bon Homme County
2410,46011,Brookings County
2411,46013,Brown County
2412,46015,Brule County
2413,46017,Buffalo County
2414,46019,Butte County
2415,46021,Campbell County
2416,46023,Charles Mix County
2417,46025,Clark County
2418,46027,Clay County
2419,46029,Codington County
2420,46031,Corson County
2421,46033,Custer County
2422,46035,Davison County
2423,46037,Day County
2424,46039,Deuel County
2425,46041,Dewey County
2426,46043,Douglas County
2427,46045,Edmunds County
2428,46047,Fall River County
2429,46049,Faulk County
2430,46051,Grant County
2431,46053,Gregory County
2432,46055,Haakon County
2433,46057,Hamlin County
2434,46059,Hand County
2435,46061,Hanson County
2436,46063,Harding County
2437,46065,Hughes County
2438,46067,Hutchinson County
2439,46069,Hyde County
2440,46071,Jackson County
2441,46073,Jerauld County
2442,46075,Jones County
2443,46077,Kingsbury County
2444,46079,Lake County
2445,46081,Lawrence County
2446,46083,Lincoln County
2447,46085,Lyman County
2448,46087,McCook County
2449,46089,McPherson County
2450,46091,Marshall County
2451,46093,Meade County
2452,46095,Mellette County
2453,46097,Miner County
2454,46099,Minnehaha County
2455,46101,Moody County
2456,46102,Oglala Lakota County
2457,46103,Pennington County
2458,46105,Perkins County
2459,46107,Potter County
2460,46109,Roberts County
2461,46111,Sanborn County
2462,46115,Spink County
2463,46117,Stanley County
2464,46119,Sully County
2465,46121,Todd County
2466,46123,Tripp County
2467,46125,Turner County
2468,46127,Union County
2469,46129,Walworth County
2470,46135,Yankton County
2471,46137,Ziebach County
2472,47000,Tennessee
2473,47001,Anderson County
2474,47003,Bedford County
2475,47005,Benton County
2476,47007,Bledsoe County
2477,47009,Blount County
2478,47011,Bradley County
2479,47013,Campbell County
2480,47015,Cannon County
2481,47017,Carroll County
2482,47019,Carter County
2483,47021,Cheatham County
2484,47023,Chester County
2485,47025,Claiborne County
2486,47027,Clay County
2487,47029,Cocke County
2488,47031,Coffee County
2489,47033,Crockett County
2490,47035,Cumberland County
2491,47037,Davidson County
2492,47039,Decatur County
2493,47041,DeKalb County
2494,47043,Dickson County
2495,47045,Dyer County
2496,47047,Fayette County
2497,47049,Fentress County
2498,47051,Franklin County
2499,47053,Gibson County
2500,47055,Giles County
2501,47057,Grainger County
2502,47059,Greene County
2503,47061,Grundy County
2504,47063,Hamblen County
2505,47065,Hamilton County
2506,47067,Hancock County
2507,47069,Hardeman County
2508,47071,Hardin County
2509,47073,Hawkins County
2510,47075,Haywood County
2511,47077,Henderson County
2512,47079,Henry County
2513,47081,Hickman County
2514,47083,Houston County
2515,47085,Humphreys County
2516,47087,Jackson County
2517,47089,Jefferson County
2518,47091,Johnson County
2519,47093,Knox County
2520,47095,Lake County
2521,47097,Lauderdale County
2522,47099,Lawrence County
2523,47101,Lewis County
2524,47103,Lincoln County
2525,47105,Loudon County
2526,47107,McMinn County
2527,47109,McNairy County
2528,47111,Macon County
2529,47113,Madison County
2530,47115,Marion County
2531,47117,Marshall County
2532,47119,Maury County
2533,47121,Meigs County
2534,47123,Monroe County
2535,47125,Montgomery County
2536,47127,Moore County
2537,47129,Morgan County
2538,47131,Obion County
2539,47133,Overton County
2540,47135,Perry County
2541,47137,Pickett County
2542,47139,Polk County
2543,47141,Putnam County
2544,47143,Rhea County
2545,47145,Roane County
2546,47147,Robertson County
2547,47149,Rutherford County
2548,47151,Scott County
2549,47153,Sequatchie County
2550,47155,Sevier County
2551,47157,Shelby County
2552,47159,Smith County
2553,47161,Stewart County
2554,47163,Sullivan County
2555,47165,Sumner County
2556,47167,Tipton County
2557,47169,Trousdale County
2558,47171,Unicoi County
2559,47173,Union County
2560,47175,Van Buren County
2561,47177,Warren County
2562,47179,Washington County
2563,47181,Wayne County
2564,47183,Weakley County
2565,47185,White County
2566,47187,Williamson County
2567,47189,Wilson County
2568,48000,Texas
2569,48001,Anderson County
2570,48003,Andrews County
2571,48005,Angelina County
2572,48007,Aransas County
2573,48009,Archer County
2574,48011,Armstrong County
2575,48013,Atascosa County
2576,48015,Austin County
2577,48017,Bailey County
2578,48019,Bandera County
2579,48021,Bastrop County
2580,48023,Baylor County
2581,48025,Bee County
2582,48027,Bell County
2583,48029,Bexar County
2584,48031,Blanco County
2585,48033,Borden County
2586,48035,Bosque County
2587,48037,Bowie County
2588,48039,Brazoria County
2589,48041,Brazos County
2590,48043,Brewster County
2591,48045,Briscoe County
2592,48047,Brooks County
2593,48049,Brown County
2594,48051,Burleson County
2595,48053,Burnet County
2596,48055,Caldwell County
2597,48057,Calhoun County
2598,48059,Callahan County
2599,48061,Cameron County
2600,48063,Camp County
2601,48065,Carson County
2602,48067,Cass County
2603,48069,Castro County
2604,48071,Chambers County
2605,48073,Cherokee County
2606,48075,Childress County
2607,48077,Clay County
2608,48079,Cochran County
2609,48081,Coke County
2610,48083,Coleman County
2611,48085,Collin County
2612,48087,Collingsworth County
2613,48089,Colorado County
2614,48091,Comal County
2615,48093,Comanche County
2616,48095,Concho County
2617,48097,Cooke County
2618,48099,Coryell County
2619,48101,Cottle County
2620,48103,Crane County
2621,48105,Crockett County
2622,48107,Crosby County
2623,48109,Culberson County
2624,48111,Dallam County
2625,48113,Dallas County
2626,48115,Dawson County
2627,48117,Deaf Smith County
2628,48119,Delta County
2629,48121,Denton County
2630,48123,DeWitt County
2631,48125,Dickens County
2632,48127,Dimmit County
2633,48129,Donley County
2634,48131,Duval County
2635,48133,Eastland County
2636,48135,Ector County
2637,48137,Edwards County
2638,48139,Ellis County
2639,48141,El Paso County
2640,48143,Erath County
2641,48145,Falls County
2642,48147,Fannin County
2643,48149,Fayette County
2644,48151,Fisher County
2645,48153,Floyd County
2646,48155,Foard County
2647,48157,Fort Bend County
2648,48159,Franklin County
2649,48161,Freestone County
2650,48163,Frio County
2651,48165,Gaines County
2652,48167,Galveston County
2653,48169,Garza County
2654,48171,Gillespie County
2655,48173,Glasscock County
2656,48175,Goliad County
2657,48177,Gonzales County
2658,48179,Gray County
2659,48181,Grayson County
2660,48183,Gregg County
2661,48185,Grimes County
2662,48187,Guadalupe County
2663,48189,Hale County
2664,48191,Hall County
2665,48193,Hamilton County
2666,48195,Hansford County
2667,48197,Hardeman County
2668,48199,Hardin County
2669,48201,Harris County
2670,48203,Harrison County
2671,48205,Hartley County
2672,48207,Haskell County
2673,48209,Hays County
2674,48211,Hemphill County
2675,48213,Henderson County
2676,48215,Hidalgo County
2677,48217,Hill County
2678,48219,Hockley County
2679,48221,Hood County
2680,48223,Hopkins County
2681,48225,Houston County
2682,48227,Howard County
2683,48229,Hudspeth County
2684,48231,Hunt County
2685,48233,Hutchinson County
2686,48235,Irion County
2687,48237,Jack County
2688,48239,Jackson County
2689,48241,Jasper County
2690,48243,Jeff Davis County
2691,48245,Jefferson County
2692,48247,Jim Hogg County
2693,48249,Jim Wells County
2694,48251,Johnson County
2695,48253,Jones County
2696,48255,Karnes County
2697,48257,Kaufman County
2698,48259,Kendall County
2699,48261,Kenedy County
2700,48263,Kent County
2701,48265,Kerr County
2702,48267,Kimble County
2703,48269,King County
2704,48271,Kinney County
2705,48273,Kleberg County
2706,48275,Knox County
2707,48277,Lamar County
2708,48279,Lamb County
2709,48281,Lampasas County
2710,48283,La Salle County
2711,48285,Lavaca County
2712,48287,Lee County
2713,48289,Leon County
2714,48291,Liberty County
2715,48293,Limestone County
2716,48295,Lipscomb County
2717,48297,Live Oak County
2718,48299,Llano County
2719,48301,Loving County
2720,48303,Lubbock County
2721,48305,Lynn County
2722,48307,McCulloch County
2723,48309,McLennan County
2724,48311,McMullen County
2725,48313,Madison County
2726,48315,Marion County
2727,48317,Martin County
2728,48319,Mason County
2729,48321,Matagorda County
2730,48323,Maverick County
2731,48325,Medina County
2732,48327,Menard County
2733,48329,Midland County
2734,48331,Milam County
2735,48333,Mills County
2736,48335,Mitchell County
2737,48337,Montague County
2738,48339,Montgomery County
2739,48341,Moore County
2740,48343,Morris County
2741,48345,Motley County
2742,48347,Nacogdoches County
2743,48349,Navarro County
2744,48351,Newton County
2745,48353,Nolan County
2746,48355,Nueces County
2747,48357,Ochiltree County
2748,48359,Oldham County
2749,48361,Orange County
2750,48363,Palo Pinto County
2751,48365,Panola County
2752,48367,Parker County
2753,48369,Parmer County
2754,48371,Pecos County
2755,48373,Polk County
2756,48375,Potter County
2757,48377,Presidio County
2758,48379,Rains County
2759,48381,Randall County
2760,48383,Reagan County
2761,48385,Real County
2762,48387,Red River County
2763,48389,Reeves County
2764,48391,Refugio County
2765,48393,Roberts County
2766,48395,Robertson County
2767,48397,Rockwall County
2768,48399,Runnels County
2769,48401,Rusk County
2770,48403,Sabine County
2771,48405,San Augustine County
2772,48407,San Jacinto County
2773,48409,San Patricio County
2774,48411,San Saba County
2775,48413,Schleicher County
2776,48415,Scurry County
2777,48417,Shackelford County
2778,48419,Shelby County
2779,48421,Sherman County
2780,48423,Smith County
2781,48425,Somervell County
2782,48427,Starr County
2783,48429,Stephens County
2784,48431,Sterling County
2785,48433,Stonewall County
2786,48435,Sutton County
2787,48437,Swisher County
2788,48439,Tarrant County
2789,48441,Taylor County
2790,48443,Terrell County
2791,48445,Terry County
2792,48447,Throckmorton County
2793,48449,Titus County
2794,48451,Tom Green County
2795,48453,Travis County
2796,48455,Trinity County
2797,48457,Tyler County
2798,48459,Upshur County
2799,48461,Upton County
2800,48463,Uvalde County
2801,48465,Val Verde County
2802,48467,Van Zandt County
2803,48469,Victoria County
2804,48471,Walker County
2805,48473,Waller County
2806,48475,Ward County
2807,48477,Washington County
2808,48479,Webb County
2809,48481,Wharton County
2810,48483,Wheeler County
2811,48485,Wichita County
2812,48487,Wilbarger County
2813,48489,Willacy County
2814,48491,Williamson County
2815,48493,Wilson County
2816,48495,Winkler County
2817,48497,Wise County
2818,48499,Wood County
2819,48501,Yoakum County
2820,48503,Young County
2821,48505,Zapata County
2822,48507,Zavala County
2823,49000,Utah
2824,49001,Beaver County
2825,49003,Box Elder County
2826,49005,Cache County
2827,49007,Carbon County
2828,49009,Daggett County
2829,49011,Davis County
2830,49013,Duchesne County
2831,49015,Emery County
2832,49017,Garfield County
2833,49019,Grand County
2834,49021,Iron County
2835,49023,Juab County
2836,49025,Kane County
2837,49027,Millard County
2838,49029,Morgan County
2839,49031,Piute County
2840,49033,Rich County
2841,49035,Salt Lake County
2842,49037,San Juan County
2843,49039,Sanpete County
2844,49041,Sevier County
2845,49043,Summit County
2846,49045,Tooele County
2847,49047,Uintah County
2848,49049,Utah County
2849,49051,Wasatch County
2850,49053,Washington County
2851,49055,Wayne County
2852,49057,Weber County
2853,50000,Vermont
2854,50001,Addison County
2855,50003,Bennington County
2856,50005,Caledonia County
2857,50007,Chittenden County
2858,50009,Essex County
2859,50011,Franklin County
2860,50013,Grand Isle County
2861,50015,Lamoille County
2862,50017,Orange County
2863,50019,Orleans County
2864,50021,Rutland County
2865,50023,Washington County
2866,50025,Windham County
2867,50027,Windsor County
2868,51000,Virginia
2869,51001,Accomack County
2870,51003,Albemarle County
2871,51005,Alleghany County
2872,51007,Amelia County
2873,51009,Amherst County
2874,51011,Appomattox County
2875,51013,Arlington County
2876,51015,Augusta County
2877,51017,Bath County
2878,51019,Bedford County
2879,51021,Bland County
2880,51023,Botetourt County
2881,51025,Brunswick County
2882,51027,Buchanan County
2883,51029,Buckingham County
2884,51031,Campbell County
2885,51033,Caroline County
2886,51035,Carroll County
2887,51036,Charles City County
2888,51037,Charlotte County
2889,51041,Chesterfield County
2890,51043,Clarke County
2891,51045,Craig County
2892,51047,Culpeper County
2893,51049,Cumberland County
2894,51051,Dickenson County
2895,51053,Dinwiddie County
2896,51057,Essex County
2897,51059,Fairfax County
2898,51061,Fauquier County
2899,51063,Floyd County
2900,51065,Fluvanna County
2901,51067,Franklin County
2902,51069,Frederick County
2903,51071,Giles County
2904,51073,Gloucester County
2905,51075,Goochland County
2906,51077,Grayson County
2907,51079,Greene County
2908,51081,Greensville County
2909,51083,Halifax County
2910,51085,Hanover County
2911,51087,Henrico County
2912,51089,Henry County
2913,51091,Highland County
2914,51093,Isle of Wight County
2915,51095,James City County
2916,51097,King and Queen County
2917,51099,King George County
2918,51101,King William County
2919,51103,Lancaster County
2920,51105,Lee County
2921,51107,Loudoun County
2922,51109,Louisa County
2923,51111,Lunenburg County
2924,51113,Madison County
2925,51115,Mathews County
2926,51117,Mecklenburg County
2927,51119,Middlesex County
2928,51121,Montgomery County
2929,51125,Nelson County
2930,51127,New Kent County
2931,51131,Northampton County
2932,51133,Northumberland County
2933,51135,Nottoway County
2934,51137,Orange County
2935,51139,Page County
2936,51141,Patrick County
2937,51143,Pittsylvania County
2938,51145,Powhatan County
2939,51147,Prince Edward County
2940,51149,Prince George County
2941,51153,Prince William County
2942,51155,Pulaski County
2943,51157,Rappahannock County
2944,51159,Richmond County
2945,51161,Roanoke County
2946,51163,Rockbridge County
2947,51165,Rockingham County
2948,51167,Russell County
2949,51169,Scott County
2950,51171,Shenandoah County
2951,51173,Smyth County
2952,51175,Southampton County
2953,51177,Spotsylvania County
2954,51179,Stafford County
2955,51181,Surry County
2956,51183,Sussex County
2957,51185,Tazewell County
2958,51187,Warren County
2959,51191,Washington County
2960,51193,Westmoreland County
2961,51195,Wise County
2962,51197,Wythe County
2963,51199,York County
2964,51510,Alexandria city
2965,51520,Bristol city
2966,51530,Buena Vista city
2967,51540,Charlottesville city
2968,51550,Chesapeake city
2969,51570,Colonial Heights city
2970,51580,Covington city
2971,51590,Danville city
2972,51595,Emporia city
2973,51600,Fairfax city
2974,51610,Falls Church city
2975,51620,Franklin city
2976,51630,Fredericksburg city
2977,51640,Galax city
2978,51650,Hampton city
2979,51660,Harrisonburg city
2980,51670,Hopewell city
2981,51678,Lexington city
2982,51680,Lynchburg city
2983,51683,Manassas city
2984,51685,Manassas Park city
2985,51690,Martinsville city
2986,51700,Newport News city
2987,51710,Norfolk city
2988,51720,Norton city
2989,51730,Petersburg city
2990,51735,Poquoson city
2991,51740,Portsmouth city
2992,51750,Radford city
2993,51760,Richmond city
2994,51770,Roanoke city
2995,51775,Salem city
2996,51790,Staunton city
2997,51800,Suffolk city
2998,51810,Virginia Beach city
2999,51820,Waynesboro city
3000,51830,Williamsburg city
3001,51840,Winchester city
3002,53000,Washington
3003,53001,Adams County
3004,53003,Asotin County
3005,53005,Benton County
3006,53007,Chelan County
3007,53009,Clallam County
3008,53011,Clark County
3009,53013,Columbia County
3010,53015,Cowlitz County
3011,53017,Douglas County
3012,53019,Ferry County
3013,53021,Franklin County
3014,53023,Garfield County
3015,53025,Grant County
3016,53027,Grays Harbor County
3017,53029,Island County
3018,53031,Jefferson County
3019,53033,King County
3020,53035,Kitsap County
3021,53037,Kittitas County
3022,53039,Klickitat County
3023,53041,Lewis County
3024,53043,Lincoln County
3025,53045,Mason County
3026,53047,Okanogan County
3027,53049,Pacific County
3028,53051,Pend Oreille County
3029,53053,Pierce County
3030,53055,San Juan County
3031,53057,Skagit County
3032,53059,Skamania County
3033,53061,Snohomish County
3034,53063,Spokane County
3035,53065,Stevens County
3036,53067,Thurston County
3037,53069,Wahkiakum County
3038,53071,Walla Walla County
3039,53073,Whatcom County
3040,53075,Whitman County
3041,53077,Yakima County
3042,54000,West Virginia
3043,54001,Barbour County
3044,54003,Berkeley County
3045,54005,Boone County
3046,54007,Braxton County
3047,54009,Brooke County
3048,54011,Cabell County
3049,54013,Calhoun County
3050,54015,Clay County
3051,54017,Doddridge County
3052,54019,Fayette County
3053,54021,Gilmer County
3054,54023,Grant County
3055,54025,Greenbrier County
3056,54027,Hampshire County
3057,54029,Hancock County
3058,54031,Hardy County
3059,54033,Harrison County
3060,54035,Jackson County
3061,54037,Jefferson County
3062,54039,Kanawha County
3063,54041,Lewis County
3064,54043,Lincoln County
3065,54045,Logan County
3066,54047,McDowell County
3067,54049,Marion County
3068,54051,Marshall County
3069,54053,Mason County
3070,54055,Mercer County
3071,54057,Mineral County
3072,54059,Mingo County
3073,54061,Monongalia County
3074,54063,Monroe County
3075,54065,Morgan County
3076,54067,Nicholas County
3077,54069,Ohio County
3078,54071,Pendleton County
3079,54073,Pleasants County
3080,54075,Pocahontas County
3081,54077,Preston County
3082,54079,Putnam County
3083,54081,Raleigh County
3084,54083,Randolph County
3085,54085,Ritchie County
3086,54087,Roane County
3087,54089,Summers County
3088,54091,Taylor County
3089,54093,Tucker County
3090,54095,Tyler County
3091,54097,Upshur County
3092,54099,Wayne County
3093,54101,Webster County
3094,54103,Wetzel County
3095,54105,Wirt County
3096,54107,Wood County
3097,54109,Wyoming County
3098,55000,Wisconsin
3099,55001,Adams County
3100,55003,Ashland County
3101,55005,Barron County
3102,55007,Bayfield County
3103,55009,Brown County
3104,55011,Buffalo County
3105,55013,Burnett County
3106,55015,Calumet County
3107,55017,Chippewa County
3108,55019,Clark County
3109,55021,Columbia County
3110,55023,Crawford County
3111,55025,Dane County
3112,55027,Dodge County
3113,55029,Door County
3114,55031,Douglas County
3115,55033,Dunn County
3116,55035,Eau Claire County
3117,55037,Florence County
3118,55039,Fond du Lac County
3119,55041,Forest County
3120,55043,Grant County
3121,55045,Green County
3122,55047,Green Lake County
3123,55049,Iowa County
3124,55051,Iron County
3125,55053,Jackson County
3126,55055,Jefferson County
3127,55057,Juneau County
3128,55059,Kenosha County
3129,55061,Kewaunee County
3130,55063,La Crosse County
3131,55065,Lafayette County
3132,55067,Langlade County
3133,55069,Lincoln County
3134,55071,Manitowoc County
3135,55073,Marathon County
3136,55075,Marinette County
3137,55077,Marquette County
3138,55078,Menominee County
3139,55079,Milwaukee County
3140,55081,Monroe County
3141,55083,Oconto County
3142,55085,Oneida County
3143,55087,Outagamie County
3144,55089,Ozaukee County
3145,55091,Pepin County
3146,55093,Pierce County
3147,55095,Polk County
3148,55097,Portage County
3149,55099,Price County
3150,55101,Racine County
3151,55103,Richland County
3152,55105,Rock County
3153,55107,Rusk County
3154,55109,St. Croix County
3155,55111,Sauk County
3156,55113,Sawyer County
3157,55115,Shawano County
3158,55117,Sheboygan County
3159,55119,Taylor County
3160,55121,Trempealeau County
3161,55123,Vernon County
3162,55125,Vilas County
3163,55127,Walworth County
3164,55129,Washburn County
3165,55131,Washington County
3166,55133,Waukesha County
3167,55135,Waupaca County
3168,55137,Waushara County
3169,55139,Winnebago County
3170,55141,Wood County
3171,56000,Wyoming
3172,56001,Albany County
3173,56003,Big Horn County
3174,56005,Campbell County
3175,56007,Carbon County
3176,56009,Converse County
3177,56011,Crook County
3178,56013,Fremont County
3179,56015,Goshen County
3180,56017,Hot Springs County
3181,56019,Johnson County
3182,56021,Laramie County
3183,56023,Lincoln County
3184,56025,Natrona County
3185,56027,Niobrara County
3186,56029,Park County
3187,56031,Platte County
3188,56033,Sheridan County
3189,56035,Sublette County
3190,56037,Sweetwater County
3191,56039,Teton County
3192,56041,Uinta County
3193,56043,Washakie County
3194,56045,Weston County
3195,72000,Puerto Rico
3196,72001,Adjuntas Municipio
3197,72003,Aguada Municipio
3198,72005,Aguadilla Municipio
3199,72007,Aguas Buenas Municipio
3200,72009,Aibonito Municipio
3201,72011,A√±asco Municipio
3202,72013,Arecibo Municipio
3203,72015,Arroyo Municipio
3204,72017,Barceloneta Municipio
3205,72019,Barranquitas Municipio
3206,72021,Bayam√≥n Municipio
3207,72023,Cabo Rojo Municipio
3208,72025,Caguas Municipio
3209,72027,Camuy Municipio
3210,72029,Can√≥vanas Municipio
3211,72031,Carolina Municipio
3212,72033,Cata√±o Municipio
3213,72035,Cayey Municipio
3214,72037,Ceiba Municipio
3215,72039,Ciales Municipio
3216,72041,Cidra Municipio
3217,72043,Coamo Municipio
3218,72045,Comer√≠o Municipio
3219,72047,Corozal Municipio
3220,72049,Culebra Municipio
3221,72051,Dorado Municipio
3222,72053,Fajardo Municipio
3223,72054,Florida Municipio
3224,72055,Gu√°nica Municipio
3225,72057,Guayama Municipio
3226,72059,Guayanilla Municipio
3227,72061,Guaynabo Municipio
3228,72063,Gurabo Municipio
3229,72065,Hatillo Municipio
3230,72067,Hormigueros Municipio
3231,72069,Humacao Municipio
3232,72071,Isabela Municipio
3233,72073,Jayuya Municipio
3234,72075,Juana D√≠az Municipio
3235,72077,Juncos Municipio
3236,72079,Lajas Municipio
3237,72081,Lares Municipio
3238,72083,Las Mar√≠as Municipio
3239,72085,Las Piedras Municipio
3240,72087,Lo√≠za Municipio
3241,72089,Luquillo Municipio
3242,72091,Manat√≠ Municipio
3243,72093,Maricao Municipio
3244,72095,Maunabo Municipio
3245,72097,Mayag√ºez Municipio
3246,72099,Moca Municipio
3247,72101,Morovis Municipio
3248,72103,Naguabo Municipio
3249,72105,Naranjito Municipio
3250,72107,Orocovis Municipio
3251,72109,Patillas Municipio
3252,72111,Pe√±uelas Municipio
3253,72113,Ponce Municipio
3254,72115,Quebradillas Municipio
3255,72117,Rinc√≥n Municipio
3256,72119,R√≠o Grande Municipio
3257,72121,Sabana Grande Municipio
3258,72123,Salinas Municipio
3259,72125,San Germ√°n Municipio
3260,72127,San Juan Municipio
3261,72129,San Lorenzo Municipio
3262,72131,San Sebasti√°n Municipio
3263,72133,Santa Isabel Municipio
3264,72135,Toa Alta Municipio
3265,72137,Toa Baja Municipio
3266,72139,Trujillo Alto Municipio
3267,72141,Utuado Municipio
3268,72143,Vega Alta Municipio
3269,72145,Vega Baja Municipio
3270,72147,Vieques Municipio
3271,72149,Villalba Municipio
3272,72151,Yabucoa Municipio
3273,72153,Yauco Municipio
